Model,Accuracy,Precision,Recall,F1-Score,ROC-AUC
Logistic Regression,0.7938877043354655,0.6280487804878049,0.5508021390374331,0.5868945868945868,0.8352819522599149
Random Forest,0.7945984363894811,0.6512455516014235,0.4893048128342246,0.5587786259541985,0.830849351093073
Gradient Boosting,0.7789623312011372,0.6019417475728155,0.49732620320855614,0.5446559297218155,0.8296341065687913
XGBoost,0.783226723525231,0.6074766355140186,0.5213903743315508,0.5611510791366906,0.8337276299237463
