{
    "best_params": {
        "subsample": 1.0,
        "n_estimators": 100,
        "min_child_weight": 1,
        "max_depth": 3,
        "learning_rate": 0.1,
        "colsample_bytree": 0.8
    },
    "best_threshold": 0.3500000000000001,
    "cv_score": 0.8476017402728372,
    "test_roc_auc": 0.8372361793436902
}